date,close,苹果：批发市场：交易数量（周）,苹果：批发市场：日均交易量（周）,苹果：冷库：出货量：中国（周）,苹果：冷库：库存：中国（周）
"2015-11-27","","","","","865.13"
"2015-12-04","","","","11.3833","853.7467"
"2015-12-11","","","","22.7666","830.9801"
"2015-12-18","","","","14.2325","816.7476"
"2015-12-25","","","","21.8878","794.8598"
"2016-01-01","","","","15.1045","779.7553"
"2016-01-08","","","","18.9762","760.7791"
"2016-01-15","","","","20.8653","739.9138"
"2016-01-22","","","","51.2248","688.689"
"2016-01-29","","","","34.1499","654.5391"
"2016-02-05","","","","19.9221","634.617"
"2016-02-12","","","","20.9107","613.7063"
"2016-02-19","","","","12.3746","601.3318"
"2016-02-26","","","","32.1673","569.1645"
"2016-03-04","","","","26.4756","542.6888"
"2016-03-11","","","","24.7472","517.9416"
"2016-03-18","","","","31.4341","486.5076"
"2016-03-25","","","","46.3528","440.1547"
"2016-04-01","","","","34.0653","406.0894"
"2016-04-08","","","","30.4408","375.6486"
"2016-04-15","","","","31.8675","343.781"
"2016-04-22","","","","25.0489","318.7321"
"2016-04-29","","","","25.6161","293.116"
"2016-05-06","","","","42.6836","250.4324"
"2016-05-13","","","","22.7666","227.6658"
"2016-05-20","","","","8.6655","219.0003"
"2016-05-27","","","","12.1185","206.8818"
"2016-06-03","","","","17.2372","189.6446"
"2016-06-10","","","","10.934","178.7106"
"2016-06-17","","","","13.6529","165.0577"
"2016-06-24","","","","17.0749","147.9828"
"2016-07-01","","","","10.401","137.5818"
"2016-07-08","","","","8.6566","128.9252"
"2016-07-15","","","","10.5349","118.3903"
"2016-07-22","","","","21.6324","96.758"
"2016-07-29","","","","15.0923","81.6656"
"2016-08-05","","","","7.6742","73.9914"
"2016-08-12","","","","13.6513","60.3401"
"2016-08-19","","","","14.807","45.5332"
"2016-08-26","","","","11.3833","34.1499"
"2016-09-02","","","","11.3833","22.7666"
"2016-09-09","","","","17.0749","5.6916"
"2016-09-16","","","","5.6916",""
"2016-11-18","","","","","888.7"
"2016-11-25","","","","9.01","879.69"
"2016-12-02","","","","5.93","873.76"
"2016-12-09","","","","25.1948","848.5652"
"2016-12-16","","","","17.2006","831.3645"
"2016-12-23","","","","34.6019","796.7626"
"2016-12-30","","","","16.4671","780.2955"
"2017-01-06","","","","17.2755","763.02"
"2017-01-13","","","","31.864","731.156"
"2017-01-20","","","","62.626","668.53"
"2017-01-27","","","","12.548","655.982"
"2017-02-03","","","","14.312","641.67"
"2017-02-10","","","","16.067","625.603"
"2017-02-17","","","","54.192","571.411"
"2017-02-24","","","","41.503","529.908"
"2017-03-03","","","","25.132","504.776"
"2017-03-10","","","","15.67","489.106"
"2017-03-17","","","","12.23","476.876"
"2017-03-24","","","","10.271","466.605"
"2017-03-31","","","","33.32","433.285"
"2017-04-07","","","","19.371","413.914"
"2017-04-14","","","","28.19","385.724"
"2017-04-21","","","","35.46","350.264"
"2017-04-28","","","","37.83","312.434"
"2017-05-05","","","","26.22","286.214"
"2017-05-12","","","","23.26","262.954"
"2017-05-19","","","","20.659","242.295"
"2017-05-26","","","","22.67","219.625"
"2017-06-02","","","","21.26","198.365"
"2017-06-09","","","","13.61","184.755"
"2017-06-16","","","","20.459","164.296"
"2017-06-23","","","","8.858","155.438"
"2017-06-30","","","","13.61","141.828"
"2017-07-07","","","","8.849","132.979"
"2017-07-14","","","","13.61","119.369"
"2017-07-21","","","","8.849","110.52"
"2017-07-28","","","","13.61","96.91"
"2017-08-04","","","","8.849","88.061"
"2017-08-11","","","","8.849","79.212"
"2017-08-18","","","","15.698","63.514"
"2017-08-25","","","","20.459","43.055"
"2017-09-01","","","","15.698","27.357"
"2017-09-08","","","","7.858","19.499"
"2017-09-15","","","","7.449","12.05"
"2017-09-22","","","","7.049","5.001"
"2017-09-29","","","","5.001",""
"2017-12-08","","","","","972.12"
"2017-12-15","","","","1.12","971"
"2017-12-22","8117","","","22.57","948.43"
"2017-12-25","8095","","","",""
"2017-12-26","8090","","","",""
"2017-12-27","8086","","","",""
"2017-12-28","8104","","","",""
"2017-12-29","8088","","","56.2","892.23"
"2018-01-02","8101","","","",""
"2018-01-03","8094","","","",""
"2018-01-04","8092","","","",""
"2018-01-05","8099","","","16.23","876"
"2018-01-08","8084","","","",""
"2018-01-09","7966","","","",""
"2018-01-10","7938","","","",""
"2018-01-11","7865","","","",""
"2018-01-12","7787","","","20.3201","855.6799"
"2018-01-15","7777","","","",""
"2018-01-16","7723","","","",""
"2018-01-17","7670","","","",""
"2018-01-18","7671","","","",""
"2018-01-19","7657","","","46.73","808.9499"
"2018-01-22","7697","","","",""
"2018-01-23","7699","","","",""
"2018-01-24","7677","","","",""
"2018-01-25","7661","","","",""
"2018-01-26","7683","","","44.85","764.0999"
"2018-01-29","7560","","","",""
"2018-01-30","7512","","","",""
"2018-01-31","7487","","","",""
"2018-02-01","7434","","","",""
"2018-02-02","7372","","","45.5833","718.5166"
"2018-02-05","7334","","","",""
"2018-02-06","7278","","","",""
"2018-02-07","6956","","","",""
"2018-02-08","6754","","","",""
"2018-02-09","6745","","","28.131","690.3856"
"2018-02-12","6803","","","",""
"2018-02-13","6765","","","",""
"2018-02-14","6621","","","",""
"2018-02-16","","","","6.0511","684.3345"
"2018-02-22","6481","","","",""
"2018-02-23","6846","","","6.02","678.3145"
"2018-02-26","6956","","","",""
"2018-02-27","7083","","","",""
"2018-02-28","7098","","","",""
"2018-03-01","7131","","","",""
"2018-03-02","7016","","","13.1838","665.1307"
"2018-03-05","7026","","","",""
"2018-03-06","7218","","","",""
"2018-03-07","7185","","","",""
"2018-03-08","7132","","","",""
"2018-03-09","7212","","","30.9747","634.1559"
"2018-03-12","7030","","","",""
"2018-03-13","7042","","","",""
"2018-03-14","7023","","","",""
"2018-03-15","6923","","","",""
"2018-03-16","7048","","","28.9539","605.2021"
"2018-03-19","7030","","","",""
"2018-03-20","7000","","","",""
"2018-03-21","7075","","","",""
"2018-03-22","7217","","","",""
"2018-03-23","7345","","","37.64","567.5621"
"2018-03-26","7399","","","",""
"2018-03-27","7303","","","",""
"2018-03-28","7332","","","",""
"2018-03-29","7224","","","",""
"2018-03-30","7270","","","43.8623","523.6998"
"2018-04-02","7419","","","",""
"2018-04-03","7401","","","",""
"2018-04-04","7194","","","",""
"2018-04-06","","","","50.0718","473.628"
"2018-04-09","7319","","","",""
"2018-04-10","7313","","","",""
"2018-04-11","7324","","","",""
"2018-04-12","7083","","","",""
"2018-04-13","7163","","","45.6","428.028"
"2018-04-16","7153","","","",""
"2018-04-17","7116","","","",""
"2018-04-18","7164","","","",""
"2018-04-19","7156","","","",""
"2018-04-20","7174","","","39.0592","388.9688"
"2018-04-23","7502","","","",""
"2018-04-24","7528","","","",""
"2018-04-25","7495","","","",""
"2018-04-26","7758","","","",""
"2018-04-27","7773","","","37.2356","351.7332"
"2018-05-02","7937","","","",""
"2018-05-03","7944","","","",""
"2018-05-04","7832","","","36.5961","315.1371"
"2018-05-07","7861","","","",""
"2018-05-08","8066","","","",""
"2018-05-09","8095","","","",""
"2018-05-10","8081","","","",""
"2018-05-11","8142","","","25.5118","289.6253"
"2018-05-14","8486","","","",""
"2018-05-15","8994","","","",""
"2018-05-16","8902","","","",""
"2018-05-17","9048","","","",""
"2018-05-18","9149","","","29.34","260.2853"
"2018-05-21","9137","","","",""
"2018-05-22","9408","","","",""
"2018-05-23","9238","","","",""
"2018-05-24","9140","","","",""
"2018-05-25","9219","","","22.4138","237.8716"
"2018-05-28","9086","","","",""
"2018-05-29","9294","","","",""
"2018-05-30","9275","","","",""
"2018-05-31","9307","","","",""
"2018-06-01","9399","","","17.1355","220.7361"
"2018-06-04","9347","","","",""
"2018-06-05","9140","","","",""
"2018-06-06","9135","","","",""
"2018-06-07","9123","","","",""
"2018-06-08","8657","","","18.0895","202.6466"
"2018-06-11","8734","","","",""
"2018-06-12","9135","","","",""
"2018-06-13","9593","","","",""
"2018-06-14","9611","","","",""
"2018-06-15","9941","","","12.73","189.9166"
"2018-06-19","10012","","","",""
"2018-06-20","9650","","","",""
"2018-06-21","9196","","","",""
"2018-06-22","9579","","","16.8597","173.0569"
"2018-06-25","9373","","","",""
"2018-06-26","9340","","","",""
"2018-06-27","9295","","","",""
"2018-06-28","9483","","","",""
"2018-06-29","9684","","","9.3223","163.7346"
"2018-07-02","9397","","","",""
"2018-07-03","9543","","","",""
"2018-07-04","9415","","","",""
"2018-07-05","9330","","","",""
"2018-07-06","9373","","","9.0818","154.6529"
"2018-07-09","9487","","","",""
"2018-07-10","9465","","","",""
"2018-07-11","9460","","","",""
"2018-07-12","9364","","","",""
"2018-07-13","9314","","","5.1792","149.4737"
"2018-07-16","9247","","","",""
"2018-07-17","9770","","","",""
"2018-07-18","9809","","","",""
"2018-07-19","10323","","","",""
"2018-07-20","10379","","","5.6317","143.842"
"2018-07-23","10215","","","",""
"2018-07-24","10285","","","",""
"2018-07-25","10257","","","",""
"2018-07-26","10343","","","",""
"2018-07-27","10351","","","5.9132","137.9288"
"2018-07-30","10461","","","",""
"2018-07-31","10707","","","",""
"2018-08-01","10671","","","",""
"2018-08-02","10712","","","",""
"2018-08-03","10985","","","15.88","122.0488"
"2018-08-06","11475","","","",""
"2018-08-07","11255","","","",""
"2018-08-08","11307","","","",""
"2018-08-09","11130","","","",""
"2018-08-10","11179","","","16.4938","105.555"
"2018-08-13","11285","","","",""
"2018-08-14","11440","","","",""
"2018-08-15","11394","","","",""
"2018-08-16","11446","","","",""
"2018-08-17","11969","","","17.197","88.358"
"2018-08-20","11879","","","",""
"2018-08-21","11910","","","",""
"2018-08-22","11864","","","",""
"2018-08-23","11306","","","",""
"2018-08-24","11455","","","15.49","72.868"
"2018-08-27","11850","","","",""
"2018-08-28","11916","","","",""
"2018-08-29","11910","","","",""
"2018-08-30","11823","","","",""
"2018-08-31","11929","","","21.2843","51.5837"
"2018-09-03","11731","","","",""
"2018-09-04","11580","","","",""
"2018-09-05","11527","","","",""
"2018-09-06","11676","","","",""
"2018-09-07","11703","","","13.2124","38.3713"
"2018-09-10","11938","","","",""
"2018-09-11","11849","","","",""
"2018-09-12","11898","","","",""
"2018-09-13","11770","","","",""
"2018-09-14","11831","","","14.78","23.5913"
"2018-09-17","11738","","","",""
"2018-09-18","11822","","","",""
"2018-09-19","12190","","","",""
"2018-09-20","12252","","","",""
"2018-09-21","12255","","","13.3172","10.2741"
"2018-09-25","11846","","","",""
"2018-09-26","11927","","","",""
"2018-09-27","11610","","","",""
"2018-09-28","11784","","","10.2741",""
"2018-10-08","11673","","","",""
"2018-10-09","11699","","","",""
"2018-10-10","11783","","","",""
"2018-10-11","11681","","","",""
"2018-10-12","11642","","","",""
"2018-10-15","11185","","","",""
"2018-10-16","11051","","","",""
"2018-10-17","11174","","","",""
"2018-10-18","11073","","","",""
"2018-10-19","10686","","","",""
"2018-10-22","10777","","","",""
"2018-10-23","10741","","","",""
"2018-10-24","10851","","","",""
"2018-10-25","10834","","","",""
"2018-10-26","11232","","","",""
"2018-10-29","11190","","","",""
"2018-10-30","11342","","","",""
"2018-10-31","11306","","","",""
"2018-11-01","11126","","","",""
"2018-11-02","11227","","","",""
"2018-11-05","11170","","","",""
"2018-11-06","11558","","","",""
"2018-11-07","11498","","","",""
"2018-11-08","11549","","","",""
"2018-11-09","11559","","","",""
"2018-11-12","11423","","","",""
"2018-11-13","11313","","","",""
"2018-11-14","11402","","","",""
"2018-11-15","12335","","","",""
"2018-11-16","12528","","","",""
"2018-11-19","12394","","","",""
"2018-11-20","12380","","","",""
"2018-11-21","12521","","","",""
"2018-11-22","12347","","","",""
"2018-11-23","12371","","","","605.96"
"2018-11-26","12125","","","",""
"2018-11-27","11813","","","",""
"2018-11-28","11701","","","",""
"2018-11-29","11360","","","",""
"2018-11-30","11530","","","1.16","604.8"
"2018-12-03","11505","","","",""
"2018-12-04","11697","","","",""
"2018-12-05","11818","","","",""
"2018-12-06","11700","","","",""
"2018-12-07","11937","","","1.43","603.37"
"2018-12-10","11849","","","",""
"2018-12-11","11807","","","",""
"2018-12-12","11792","","","",""
"2018-12-13","11603","","","",""
"2018-12-14","11571","","","1.11","602.26"
"2018-12-17","11739","","","",""
"2018-12-18","11671","","","",""
"2018-12-19","11209","","","",""
"2018-12-20","11237","","","",""
"2018-12-21","11339","","","4.96","597.3"
"2018-12-24","11280","","","",""
"2018-12-25","11327","","","",""
"2018-12-26","11318","","","",""
"2018-12-27","11285","","","",""
"2018-12-28","11352","","","35.68","561.62"
"2019-01-02","10888","","","",""
"2019-01-03","10671","","","",""
"2019-01-04","10768","","","16.22","545.4"
"2019-01-07","10615","","","",""
"2019-01-08","10701","","","",""
"2019-01-09","10652","","","",""
"2019-01-10","10634","","","",""
"2019-01-11","10616","","","","521.45"
"2019-01-14","10690","","","",""
"2019-01-15","10712","","","",""
"2019-01-16","10660","","","",""
"2019-01-17","10658","","","",""
"2019-01-18","10572","","","46.27","475.17"
"2019-01-21","10749","","","",""
"2019-01-22","10696","","","",""
"2019-01-23","10719","","","",""
"2019-01-24","10814","","","",""
"2019-01-25","11080","","","47.67","427.5"
"2019-01-28","11079","","","",""
"2019-01-29","10905","","","",""
"2019-01-30","10893","","","",""
"2019-01-31","10906","","","",""
"2019-02-01","10901","","","16.23","411.26"
"2019-02-08","","","","4.23","407.02"
"2019-02-11","11199","","","",""
"2019-02-12","11235","","","",""
"2019-02-13","11188","","","",""
"2019-02-14","11214","","","",""
"2019-02-15","11274","","","7.94","399.08"
"2019-02-18","11231","","","",""
"2019-02-19","11289","","","",""
"2019-02-20","11271","","","",""
"2019-02-21","11299","","","",""
"2019-02-22","11430","","","28.94","370.14"
"2019-02-25","11410","","","",""
"2019-02-26","11366","","","",""
"2019-02-27","11018","","","",""
"2019-02-28","11017","","","",""
"2019-03-01","11077","","","27","343.14"
"2019-03-04","11035","","","",""
"2019-03-05","11143","","","",""
"2019-03-06","11318","","","",""
"2019-03-07","11348","","","",""
"2019-03-08","11345","","","14.11","329.02"
"2019-03-11","11216","","","",""
"2019-03-12","11255","","","",""
"2019-03-13","11225","","","",""
"2019-03-14","11200","","","",""
"2019-03-15","11245","","","14.11","314.9"
"2019-03-18","11388","","","",""
"2019-03-19","11421","","","",""
"2019-03-20","11335","","","",""
"2019-03-21","11355","","","",""
"2019-03-22","11265","","","15.17","299.74"
"2019-03-25","11271","","","",""
"2019-03-26","11275","","","",""
"2019-03-27","11390","","","",""
"2019-03-28","11374","","","",""
"2019-03-29","11618","","","23.29","276.45"
"2019-04-01","11606","","","",""
"2019-04-02","11587","","","",""
"2019-04-03","11732","","","",""
"2019-04-04","11622","","","",""
"2019-04-05","","","","18.7","257.74"
"2019-04-08","11724","","","",""
"2019-04-09","11876","","","",""
"2019-04-10","11900","","","",""
"2019-04-11","11908","","","",""
"2019-04-12","11825","","","12.89","244.85"
"2019-04-15","7691","","","",""
"2019-04-16","8010","","","",""
"2019-04-17","8101","","","",""
"2019-04-18","8013","","","",""
"2019-04-19","8286","","","13.95","230.9"
"2019-04-22","8269","","","",""
"2019-04-23","8211","","","",""
"2019-04-24","8220","","","",""
"2019-04-25","8216","","","",""
"2019-04-26","8117","","","9.7","221.19"
"2019-04-29","8160","","","",""
"2019-04-30","8126","","","",""
"2019-05-03","","","","11.83","209.35"
"2019-05-06","8177","","","",""
"2019-05-07","8229","","","",""
"2019-05-08","8302","","","",""
"2019-05-09","8511","","","",""
"2019-05-10","8562","","","12.36","196.99"
"2019-05-13","8862","","","",""
"2019-05-14","8723","","","",""
"2019-05-15","9218","","","",""
"2019-05-16","9274","","","",""
"2019-05-17","9395","","","13.95","183.04"
"2019-05-20","9689","","","",""
"2019-05-21","9703","","","",""
"2019-05-22","9869","","","",""
"2019-05-23","9841","","","",""
"2019-05-24","10159","","","12.54","170.5"
"2019-05-27","9703","","","",""
"2019-05-28","9528","","","",""
"2019-05-29","9611","","","",""
"2019-05-30","9721","","","",""
"2019-05-31","9681","","","12.54","157.95"
"2019-06-03","9428","","","",""
"2019-06-04","9517","","","",""
"2019-06-05","9480","","","",""
"2019-06-06","9057","","","",""
"2019-06-07","","","","8.65","149.3"
"2019-06-10","9000","","","",""
"2019-06-11","9128","","","",""
"2019-06-12","9036","","","",""
"2019-06-13","9280","","","",""
"2019-06-14","9145","","","24.22","125.08"
"2019-06-17","9137","","","",""
"2019-06-18","8944","","","",""
"2019-06-19","8991","","","",""
"2019-06-20","8880","","","",""
"2019-06-21","9112","","","5.56","119.51"
"2019-06-24","9128","","","",""
"2019-06-25","9117","","","",""
"2019-06-26","9103","","","",""
"2019-06-27","9259","","","",""
"2019-06-28","9120","","","6.02","113.49"
"2019-07-01","9089","","","",""
"2019-07-02","9130","","","",""
"2019-07-03","9059","","","",""
"2019-07-04","9245","","","",""
"2019-07-05","9297","","","4.48","109.01"
"2019-07-08","9644","","","",""
"2019-07-09","9669","","","",""
"2019-07-10","9612","","","",""
"2019-07-11","9603","","","",""
"2019-07-12","9690","","","4.48","104.53"
"2019-07-15","9645","","","",""
"2019-07-16","9727","","","",""
"2019-07-17","9652","","","",""
"2019-07-18","9602","","","",""
"2019-07-19","9637","","","5.1","99.43"
"2019-07-22","9518","","","",""
"2019-07-23","9215","","","",""
"2019-07-24","9234","","","",""
"2019-07-25","9214","","","",""
"2019-07-26","9264","","","4.01","95.41"
"2019-07-29","9246","","","",""
"2019-07-30","9337","","","",""
"2019-07-31","9318","","","",""
"2019-08-01","9216","","","",""
"2019-08-02","9338","","","14.17","81.23"
"2019-08-05","9136","","","",""
"2019-08-06","9400","","","",""
"2019-08-07","9228","","","",""
"2019-08-08","9222","","","",""
"2019-08-09","9123","","","2.61","78.62"
"2019-08-12","9089","","","",""
"2019-08-13","8931","","","",""
"2019-08-14","8975","","","",""
"2019-08-15","9034","","","",""
"2019-08-16","9034","","","7.42","71.2"
"2019-08-19","9070","","","",""
"2019-08-20","9062","","","",""
"2019-08-21","9095","","","",""
"2019-08-22","9062","","","",""
"2019-08-23","9133","","","7.69","63.5"
"2019-08-26","9122","","","",""
"2019-08-27","9328","","","",""
"2019-08-28","9323","","","",""
"2019-08-29","9394","","","",""
"2019-08-30","9468","21389.8","3055.686","7.01","56.5"
"2019-09-02","9288","","","",""
"2019-09-03","9321","","","",""
"2019-09-04","9175","","","",""
"2019-09-05","8914","","","",""
"2019-09-06","8893","26490.81","3784.4","7.01","49.48"
"2019-09-09","8510","","","",""
"2019-09-10","8533","","","",""
"2019-09-11","8475","","","",""
"2019-09-12","8267","","","",""
"2019-09-13","","27779.7","3968.529","12.92","36.56"
"2019-09-16","8294","","","",""
"2019-09-17","8314","","","",""
"2019-09-18","8400","","","",""
"2019-09-19","7877","","","",""
"2019-09-20","7750","22149.38","3164.197","7.28","29.28"
"2019-09-23","7545","","","",""
"2019-09-24","7582","","","",""
"2019-09-25","7618","","","",""
"2019-09-26","7640","","","",""
"2019-09-27","7531","26987.54","3855.363","4.12","25.16"
"2019-09-30","7400","","","",""
"2019-10-04","","25844.69","3692.099","",""
"2019-10-08","7772","","","",""
"2019-10-09","7636","","","",""
"2019-10-10","7660","","","",""
"2019-10-11","7556","29292.91","4184.701","",""
"2019-10-14","7701","","","",""
"2019-10-15","7686","","","",""
"2019-10-16","7697","","","",""
"2019-10-17","7630","","","",""
"2019-10-18","7673","33806.29","4829.47","",""
"2019-10-21","7850","","","",""
"2019-10-22","7876","","","",""
"2019-10-23","7999","","","",""
"2019-10-24","8013","","","",""
"2019-10-25","7903","37613.91","5373.416","",""
"2019-10-28","7919","","","",""
"2019-10-29","7978","","","",""
"2019-10-30","7992","","","",""
"2019-10-31","7961","","","",""
"2019-11-01","7925","31161.66","4451.666","","732.56"
"2019-11-04","8030","","","",""
"2019-11-05","8158","","","",""
"2019-11-06","8146","","","",""
"2019-11-07","8199","","","",""
"2019-11-08","8169","38875.35","5553.621","-147","970.52"
"2019-11-11","8109","","","",""
"2019-11-12","8219","","","",""
"2019-11-13","8215","","","",""
"2019-11-14","8062","","","",""
"2019-11-15","8141","39227.21","5603.887","-65.18","1035.7"
"2019-11-18","7923","","","",""
"2019-11-19","7973","","","",""
"2019-11-20","8204","","","",""
"2019-11-21","8181","","","",""
"2019-11-22","8197","45652.51","6521.787","-14.19","1049.89"
"2019-11-25","8164","","","",""
"2019-11-26","8155","","","",""
"2019-11-27","8026","","","",""
"2019-11-28","8070","","","",""
"2019-11-29","8055","44105.31","6300.759","-1.08","1050.98"
"2019-12-02","8221","","","",""
"2019-12-03","8289","","","",""
"2019-12-04","8403","","","",""
"2019-12-05","8388","","","",""
"2019-12-06","8426","41631.08","5947.297","6.43","1044.55"
"2019-12-09","8386","","","",""
"2019-12-10","8497","","","",""
"2019-12-11","8515","","","",""
"2019-12-12","8484","","","",""
"2019-12-13","8588","43993.87","5284.839","7.28","1048.83"
"2019-12-16","8645","","","",""
"2019-12-17","8563","","","",""
"2019-12-18","8095","","","",""
"2019-12-19","8110","","","",""
"2019-12-20","8096","47740.64","6820.091","14.53","1034.29"
"2019-12-23","8060","","","",""
"2019-12-24","8013","","","",""
"2019-12-25","8021","","","",""
"2019-12-26","8122","","","",""
"2019-12-27","8017","50252.47","7178.924","13.27","1021.02"
"2019-12-30","7760","","","",""
"2019-12-31","7738","","","",""
"2020-01-02","7741","","","",""
"2020-01-03","7589","36246.53","5178.076","15.25","1005.77"
"2020-01-06","7474","","","",""
"2020-01-07","7501","","","",""
"2020-01-08","7497","","","",""
"2020-01-09","7360","","","",""
"2020-01-10","7447","57490.11","8212.873","8.34","997.42"
"2020-01-13","7289","","","",""
"2020-01-14","7302","","","",""
"2020-01-15","7325","","","",""
"2020-01-16","7351","","","",""
"2020-01-17","7469","67523.22","9646.174","17.62","979.8"
"2020-01-20","7421","","","",""
"2020-01-21","7339","","","",""
"2020-01-22","7361","","","",""
"2020-01-23","7420","","","",""
"2020-01-24","","39677.62","5668.231","17.78","962.01"
"2020-01-31","","19522.87","2788.981","13.08","948.92"
"2020-02-03","6874","","","",""
"2020-02-04","7002","","","",""
"2020-02-05","7011","","","",""
"2020-02-06","7010","","","",""
"2020-02-07","7026","26347.81","3763.973","64.39","884.53"
"2020-02-10","7008","","","",""
"2020-02-11","7004","","","",""
"2020-02-12","6990","","","",""
"2020-02-13","6933","","","",""
"2020-02-14","6866","28344.8","4049.257","18.18","866.35"
"2020-02-17","6993","","","",""
"2020-02-18","6982","","","",""
"2020-02-19","6997","","","",""
"2020-02-20","7252","","","",""
"2020-02-21","7277","30123.26","4303.323","13.2","853.14"
"2020-02-24","7277","","","",""
"2020-02-25","7283","","","",""
"2020-02-26","7126","","","",""
"2020-02-27","6872","","","",""
"2020-02-28","6763","37428.26","5346.894","19.71","833.42"
"2020-03-02","6837","","","",""
"2020-03-03","6823","","","",""
"2020-03-04","6843","","","",""
"2020-03-05","6824","","","",""
"2020-03-06","6783","38946.01","5563.716","16.8","816.62"
"2020-03-09","6838","","","",""
"2020-03-10","6798","","","",""
"2020-03-11","6783","","","",""
"2020-03-12","6635","","","",""
"2020-03-13","6501","38137.31","5448.187","36.67","779.94"
"2020-03-16","6740","","","",""
"2020-03-17","6731","","","",""
"2020-03-18","6534","","","",""
"2020-03-19","6477","","","",""
"2020-03-20","6570","35120.41","5017.201","34.44","745.5"
"2020-03-23","6553","","","",""
"2020-03-24","6540","","","",""
"2020-03-25","6488","","","",""
"2020-03-26","6630","","","",""
"2020-03-27","6664","39101.16","5585.88","48.58","696.91"
"2020-03-30","6486","","","",""
"2020-03-31","6700","","","",""
"2020-04-01","6573","","","",""
"2020-04-02","6684","","","",""
"2020-04-03","6601","34620.41","4945.773","51.6","645.31"
"2020-04-07","6684","","","",""
"2020-04-08","6744","","","",""
"2020-04-09","6740","","","",""
"2020-04-10","6720","48253.36","6893.337","42.82","602.49"
"2020-04-13","8285","","","",""
"2020-04-14","8327","","","",""
"2020-04-15","8234","","","",""
"2020-04-16","7982","","","",""
"2020-04-17","7963","46911.66","6701.666","36.9","565.58"
"2020-04-20","7980","","","",""
"2020-04-21","7789","","","",""
"2020-04-22","8226","","","",""
"2020-04-23","8167","","","",""
"2020-04-24","8663","49101.88","7014.554","36.06","529.52"
"2020-04-27","9161","","","",""
"2020-04-28","9035","","","",""
"2020-04-29","9026","","","",""
"2020-04-30","8994","","","",""
"2020-05-01","","49274.16","7039.166","42.83","486.68"
"2020-05-06","9071","","","",""
"2020-05-07","9090","","","",""
"2020-05-08","9070","46978.51","6711.216","39.78","446.9"
"2020-05-11","9338","","","",""
"2020-05-12","9282","","","",""
"2020-05-13","9146","","","",""
"2020-05-14","9034","","","",""
"2020-05-15","9065","45652.51","6521.787","32.16","414.73"
"2020-05-18","9046","","","",""
"2020-05-19","9137","","","",""
"2020-05-20","9026","","","",""
"2020-05-21","8898","","","",""
"2020-05-22","8985","44105.31","6300.759","24.88","389.85"
"2020-05-25","8963","","","",""
"2020-05-26","8883","","","",""
"2020-05-27","8890","","","",""
"2020-05-28","8734","","","",""
"2020-05-29","8773","40010.51","5715.787","26.8","363.04"
"2020-06-01","8702","","","",""
"2020-06-02","8816","","","",""
"2020-06-03","8712","","","",""
"2020-06-04","8653","","","",""
"2020-06-05","8624","39101.16","5585.88","14.68","348.35"
"2020-06-08","8546","","","",""
"2020-06-09","8472","","","",""
"2020-06-10","8262","","","",""
"2020-06-11","8293","","","",""
"2020-06-12","8363","34620.41","4945.773","13.52","334.83"
"2020-06-15","8240","","","",""
"2020-06-16","8259","","","",""
"2020-06-17","8288","","","",""
"2020-06-18","8264","","","",""
"2020-06-19","8062","26714.75","3816.393","14.35","320.48"
"2020-06-22","7968","","","",""
"2020-06-23","7982","","","",""
"2020-06-24","7895","","","",""
"2020-06-26","","22852.61","3264.659","23.7","296.78"
"2020-06-29","7932","","","",""
"2020-06-30","7968","","","",""
"2020-07-01","7975","","","",""
"2020-07-02","8113","","","",""
"2020-07-03","8111","24910.15","3558.593","22.54","274.24"
"2020-07-06","8114","","","",""
"2020-07-07","8063","","","",""
"2020-07-08","8107","","","",""
"2020-07-09","8170","","","",""
"2020-07-10","7870","21608.62","3086.946","22.54","251.69"
"2020-07-13","7779","","","",""
"2020-07-14","7784","","","",""
"2020-07-15","7760","","","",""
"2020-07-16","7581","","","",""
"2020-07-17","7580","20789.21","2969.887","26.89","224.79"
"2020-07-20","7705","","","",""
"2020-07-21","7595","","","",""
"2020-07-22","7644","","","",""
"2020-07-23","7465","","","",""
"2020-07-24","7539","18132.77","2590.396","27.73","197.05"
"2020-07-27","7474","","","",""
"2020-07-28","7471","","","",""
"2020-07-29","7352","","","",""
"2020-07-30","7288","","","",""
"2020-07-31","7185","20053.35","2864.764","40.05","157"
"2020-08-03","7144","","","",""
"2020-08-04","7174","","","",""
"2020-08-05","7095","","","",""
"2020-08-06","7009","","","",""
"2020-08-07","6835","24073.07","3439.01","32.5","124.5"
"2020-08-10","7186","","","",""
"2020-08-11","7110","","","",""
"2020-08-12","7114","","","",""
"2020-08-13","7222","","","",""
"2020-08-14","7015","23769.92","3395.703","21.72","102.77"
"2020-08-17","6945","","","",""
"2020-08-18","7032","","","",""
"2020-08-19","6997","","","",""
"2020-08-20","6879","","","",""
"2020-08-21","6891","25756.86","3679.551","8.81","93.96"
"2020-08-24","6992","","","",""
"2020-08-25","6984","","","",""
"2020-08-26","6917","","","",""
"2020-08-27","6886","","","",""
"2020-08-28","6859","23453.24","3350.463","9.47","84.48"
"2020-08-31","6842","","","",""
"2020-09-01","6856","","","",""
"2020-09-02","6768","","","",""
"2020-09-03","6692","","","",""
"2020-09-04","6766","27612.73","3944.676","11.44","73.04"
"2020-09-07","6880","","","",""
"2020-09-08","7233","","","",""
"2020-09-09","7092","","","",""
"2020-09-10","7121","","","",""
"2020-09-11","7048","28174.39","4024.91","12.89","60.14"
"2020-09-14","7048","","","",""
"2020-09-15","6884","","","",""
"2020-09-16","6760","","","",""
"2020-09-17","6705","","","",""
"2020-09-18","7436","27550.48","3935.78","9.6","50.54"
"2020-09-21","7427","","","",""
"2020-09-22","7468","","","",""
"2020-09-23","7355","","","",""
"2020-09-24","7539","","","",""
"2020-09-25","7453","36161.76","5165.966","7.63","42.9"
"2020-09-28","7306","","","",""
"2020-09-29","7368","","","",""
"2020-09-30","7497","","","",""
"2020-10-02","","26327.96","3761.137","",""
"2020-10-09","8028","25538.63","3648.376","",""
"2020-10-12","8143","","","",""
"2020-10-13","8229","","","",""
"2020-10-14","8172","","","",""
"2020-10-15","8264","","","",""
"2020-10-16","8184","29225.16","4175.023","",""
"2020-10-19","8173","","","",""
"2020-10-20","8206","","","",""
"2020-10-21","8011","","","",""
"2020-10-22","7962","","","",""
"2020-10-23","7706","34248.69","4892.67","",""
"2020-10-26","7546","","","",""
"2020-10-27","7429","","","",""
"2020-10-28","7454","","","",""
"2020-10-29","7356","","","",""
"2020-10-30","7360","30568.08","4366.869","","1133"
"2020-11-02","7297","","","",""
"2020-11-03","7364","","","",""
"2020-11-04","7318","","","",""
"2020-11-05","7160","","","",""
"2020-11-06","7050","31302","4471.833","-5.72","1138.72"
"2020-11-09","7150","","","",""
"2020-11-10","7291","","","",""
"2020-11-11","7401","","","",""
"2020-11-12","7380","","","",""
"2020-11-13","7294","29688.73","4241.247","-2.48","1141.2"
"2020-11-16","7368","","","",""
"2020-11-17","7212","","","",""
"2020-11-18","7124","","","",""
"2020-11-19","7178","","","",""
"2020-11-20","7076","30608.89","4372.699","-1.3","1142.5"
"2020-11-23","7157","","","",""
"2020-11-24","7162","","","",""
"2020-11-25","7092","","","",""
"2020-11-26","7050","","","",""
"2020-11-27","6984","28779.89","4111.13","3.01","1139.49"
"2020-11-30","6851","","","",""
"2020-12-01","6849","","","",""
"2020-12-02","6672","","","",""
"2020-12-03","6752","","","",""
"2020-12-04","6681","28368.9","4052.7","1.9","1137.59"
"2020-12-07","6680","","","",""
"2020-12-08","6601","","","",""
"2020-12-09","6443","","","",""
"2020-12-10","6347","","","",""
"2020-12-11","6392","29637.96","4233.994","3.23","1134.36"
"2020-12-14","6447","","","",""
"2020-12-15","6462","","","",""
"2020-12-16","6543","","","",""
"2020-12-17","6608","","","",""
"2020-12-18","6668","29921.52","4274.503","3.23","1131.13"
"2020-12-21","6717","","","",""
"2020-12-22","6661","","","",""
"2020-12-23","6532","","","",""
"2020-12-24","6565","","","",""
"2020-12-25","6759","32409.02","4578.431","5.32","1125.81"
"2020-12-28","6754","","","",""
"2020-12-29","6579","","","",""
"2020-12-30","6608","","","",""
"2020-12-31","6641","","","",""
"2021-01-01","","37428.26","5346.894","4.56","1121.25"
"2021-01-04","6461","","","",""
"2021-01-05","6337","","","",""
"2021-01-06","6339","","","",""
"2021-01-07","6377","","","",""
"2021-01-08","6330","29130.39","4161.484","10.25","1110.99"
"2021-01-11","6039","","","",""
"2021-01-12","6040","","","",""
"2021-01-13","6083","","","",""
"2021-01-14","5992","","","",""
"2021-01-15","6005","32038.15","4576.879","33.82","1077.17"
"2021-01-18","6254","","","",""
"2021-01-19","6182","","","",""
"2021-01-20","6185","","","",""
"2021-01-21","6074","","","",""
"2021-01-22","6046","36014.43","5144.919","39.53","1037.64"
"2021-01-25","6041","","","",""
"2021-01-26","6056","","","",""
"2021-01-27","6060","","","",""
"2021-01-28","6056","","","",""
"2021-01-29","6057","40602.86","5800.409","32.98","1004.66"
"2021-02-01","6158","","","",""
"2021-02-02","6097","","","",""
"2021-02-03","6027","","","",""
"2021-02-04","6008","","","",""
"2021-02-05","6041","44351.79","6335.97","40.07","964.58"
"2021-02-08","6060","","","",""
"2021-02-09","6055","","","",""
"2021-02-10","6168","","","",""
"2021-02-12","","37145.31","5306.473","",""
"2021-02-18","6084","","","",""
"2021-02-19","6301","24093.07","3441.867","59.29","905.3"
"2021-02-22","6222","","","",""
"2021-02-23","6264","","","",""
"2021-02-24","6089","","","",""
"2021-02-25","6081","","","",""
"2021-02-26","6035","27319.48","3902.783","27.37","877.93"
"2021-03-01","5712","","","",""
"2021-03-02","5657","","","",""
"2021-03-03","5660","","","",""
"2021-03-04","5540","","","",""
"2021-03-05","5585","28688.26","4098.323","23.29","854.64"
"2021-03-08","5404","","","",""
"2021-03-09","5388","","","",""
"2021-03-10","5364","","","",""
"2021-03-11","5388","","","",""
"2021-03-12","5347","27503.67","3929.096","15.71","838.93"
"2021-03-15","5346","","","",""
"2021-03-16","5370","","","",""
"2021-03-17","5254","","","",""
"2021-03-18","5292","","","",""
"2021-03-19","5173","29728.55","4246.936","17.31","821.62"
"2021-03-22","4939","","","",""
"2021-03-23","5043","","","",""
"2021-03-24","6263","","","",""
"2021-03-25","6067","","","",""
"2021-03-26","5880","27670.69","3952.956","22.18","799.44"
"2021-03-29","6090","","","",""
"2021-03-30","5907","","","",""
"2021-03-31","5768","","","",""
"2021-04-01","5834","","","",""
"2021-04-02","5813","30114.9","4302.129","30.56","768.88"
"2021-04-06","5669","","","",""
"2021-04-07","5747","","","",""
"2021-04-08","5886","","","",""
"2021-04-09","5765","27889.03","3984.147","31.64","737.68"
"2021-04-12","5948","","","",""
"2021-04-13","6037","","","",""
"2021-04-14","5895","","","",""
"2021-04-15","5874","","","",""
"2021-04-16","5855","28630.53","4090.076","47.5","690.18"
"2021-04-19","5670","","","",""
"2021-04-20","5637","","","",""
"2021-04-21","5735","","","",""
"2021-04-22","5882","","","",""
"2021-04-23","5837","28473.91","4067.701","49.93","640.25"
"2021-04-26","5686","","","",""
"2021-04-27","5730","","","",""
"2021-04-28","5727","","","",""
"2021-04-29","5709","","","",""
"2021-04-30","5715","31205.13","4457.876","56.53","583.72"
"2021-05-06","5613","","","",""
"2021-05-07","5732","28496.13","4070.876","45.45","538.27"
"2021-05-10","5756","","","",""
"2021-05-11","5685","","","",""
"2021-05-12","5696","","","",""
"2021-05-13","5687","","","",""
"2021-05-14","5695","31297.33","4471.033","49.11","489.16"
"2021-05-17","5784","","","",""
"2021-05-18","5802","","","",""
"2021-05-19","5879","","","",""
"2021-05-20","6113","","","",""
"2021-05-21","6329","28166.11","4023.73","39.61","449.54"
"2021-05-24","6354","","","",""
"2021-05-25","6309","","","",""
"2021-05-26","6003","","","",""
"2021-05-27","6294","","","",""
"2021-05-28","6254","28750.71","4107.244","36.67","412.87"
"2021-05-31","6260","","","",""
"2021-06-01","6238","","","",""
"2021-06-02","6150","","","",""
"2021-06-03","6147","","","",""
"2021-06-04","6288","27586.15","3940.879","35.38","377.5"
"2021-06-07","6276","","","",""
"2021-06-08","6226","","","",""
"2021-06-09","6312","","","",""
"2021-06-10","6276","","","",""
"2021-06-11","6316","25695.43","3670.776","32.86","344.63"
"2021-06-15","6329","","","",""
"2021-06-16","6318","","","",""
"2021-06-17","6292","","","",""
"2021-06-18","6353","26759.04","3822.72","28.82","315.82"
"2021-06-21","6191","","","",""
"2021-06-22","6188","","","",""
"2021-06-23","6169","","","",""
"2021-06-24","6242","","","",""
"2021-06-25","6177","26759.04","3822.72","26.71","289.11"
"2021-06-28","6180","","","",""
"2021-06-29","6124","","","",""
"2021-06-30","6162","","","",""
"2021-07-01","6155","","","",""
"2021-07-02","6169","27113.368","3685.7","23.41","265.7"
"2021-07-05","6278","","","",""
"2021-07-06","6279","","","",""
"2021-07-07","6273","","","",""
"2021-07-08","6155","","","",""
"2021-07-09","6160","25345.82","3534.34","22.2","243.5"
"2021-07-12","6047","","","",""
"2021-07-13","6012","","","",""
"2021-07-14","5999","","","",""
"2021-07-15","5983","","","",""
"2021-07-16","6047","25218.271","3693.63","20.8","222.69"
"2021-07-19","6167","","","",""
"2021-07-20","6010","","","",""
"2021-07-21","5993","","","",""
"2021-07-22","5989","","","",""
"2021-07-23","5859","24523.858","3249.77","22.92","199.77"
"2021-07-26","5911","","","",""
"2021-07-27","5905","","","",""
"2021-07-28","5953","","","",""
"2021-07-29","5952","","","",""
"2021-07-30","5981","22984.67","3328.53","19.23","180.55"
"2021-08-02","5962","","","",""
"2021-08-03","6000","","","",""
"2021-08-04","6130","","","",""
"2021-08-05","6112","","","",""
"2021-08-06","6120","23375.31","3353.73","20.31","160.24"
"2021-08-09","5967","","","",""
"2021-08-10","5976","","","",""
"2021-08-11","5996","","","",""
"2021-08-12","6100","","","",""
"2021-08-13","6149","25371.77","3679.67","26.77","133.47"
"2021-08-16","6136","","","",""
"2021-08-17","6216","","","",""
"2021-08-18","6142","","","",""
"2021-08-19","6010","","","",""
"2021-08-20","6025","25148.63","3476.65","23.09","110.38"
"2021-08-23","5948","","","",""
"2021-08-24","6007","","","",""
"2021-08-25","6020","","","",""
"2021-08-26","6050","","","",""
"2021-08-27","6067","25084.54","3725.98","14.5","95.88"
"2021-08-30","6008","","","",""
"2021-08-31","5963","","","",""
"2021-09-01","5594","","","",""
"2021-09-02","5601","","","",""
"2021-09-03","5629","26374.84","3823.64","16.51","79.37"
"2021-09-06","5589","","","",""
"2021-09-07","5579","","","",""
"2021-09-08","5418","","","",""
"2021-09-09","5536","","","",""
"2021-09-10","5598","28052.66","4252.7","17.49","61.88"
"2021-09-13","5599","","","",""
"2021-09-14","5591","","","",""
"2021-09-15","5628","","","",""
"2021-09-16","5635","","","",""
"2021-09-17","5708","30321.11","4436.77","16.89","45"
"2021-09-22","6002","","","",""
"2021-09-23","5928","","","",""
"2021-09-24","6371","28267.33","3506.75","13.21","31.79"
"2021-09-27","6195","","","",""
"2021-09-28","6249","","","",""
"2021-09-29","6387","","","",""
"2021-09-30","6496","","","",""
"2021-10-08","6502","22688.95","3228.73","17.92","17.47"
"2021-10-11","6991","","","",""
"2021-10-12","7144","","","",""
"2021-10-13","7144","","","",""
"2021-10-14","7122","","","",""
"2021-10-15","7040","22475.02","3186.7","16.14","1.33"
"2021-10-18","7471","","","",""
"2021-10-19","7445","","","",""
"2021-10-20","7588","","","",""
"2021-10-21","7525","","","",""
"2021-10-22","7786","23253.86","3504.02","1.33","0"
"2021-10-25","8379","","","",""
"2021-10-26","8431","","","",""
"2021-10-27","8283","","","",""
"2021-10-28","7950","","","",""
"2021-10-29","7926","24344.6","3442.84","0","0"
"2021-11-01","7815","","","",""
"2021-11-02","8165","","","",""
"2021-11-03","8116","","","",""
"2021-11-04","7671","","","",""
"2021-11-05","7777","24638.1","3622.25","0","0"
"2021-11-08","7662","","","",""
"2021-11-09","7707","","","",""
"2021-11-10","7895","","","",""
"2021-11-11","7934","","","",""
"2021-11-12","7990","24381","3297.33","0","867.27"
"2021-11-15","8064","","","",""
"2021-11-16","8090","","","",""
"2021-11-17","7819","","","",""
"2021-11-18","8109","","","",""
"2021-11-19","8161","25767.32","4192.667","0","875.09"
"2021-11-22","8148","","","",""
"2021-11-23","8114","","","",""
"2021-11-24","8096","","","",""
"2021-11-25","8073","","","",""
"2021-11-26","8219","25755.81","3483.3","10.89","864.21"
"2021-11-29","7986","","","",""
"2021-11-30","8000","","","",""
"2021-12-01","7941","","","",""
"2021-12-02","7793","","","",""
"2021-12-03","7963","27826.41","4691.07","5.14","859.07"
"2021-12-06","8012","","","",""
"2021-12-07","8028","","","",""
"2021-12-08","7970","","","",""
"2021-12-09","7873","","","",""
"2021-12-10","8189","29987.27","3741","15.87","843.2"
"2021-12-13","8235","","","",""
"2021-12-14","8182","","","",""
"2021-12-15","8183","","","",""
"2021-12-16","8126","","","",""
"2021-12-17","8355","29483.48","4334.78","22.01","821.18"
"2021-12-20","8192","","","",""
"2021-12-21","8367","","","",""
"2021-12-22","8303","","","",""
"2021-12-23","8392","","","",""
"2021-12-24","8462","31488.87","4783.25","18.07","803.11"
"2021-12-27","8403","","","",""
"2021-12-28","8546","","","",""
"2021-12-29","8474","","","",""
"2021-12-30","8363","","","",""
"2021-12-31","8394","30715.46","3860.82","22.92","780.19"
"2022-01-04","8177","","","",""
"2022-01-05","8070","","","",""
"2022-01-06","8203","","","",""
"2022-01-07","8634","27437.76","3719.62","14.29","765.9"
"2022-01-10","8630","","","",""
"2022-01-11","8580","","","",""
"2022-01-12","8480","","","",""
"2022-01-13","8441","","","",""
"2022-01-14","8553","28195.77","4067.71","22.56","743.34"
"2022-01-17","8286","","","",""
"2022-01-18","8547","","","",""
"2022-01-19","8616","","","",""
"2022-01-20","8849","","","",""
"2022-01-21","8947","31812.52","5180.56","31.12","712.22"
"2022-01-24","8881","","","",""
"2022-01-25","8878","","","",""
"2022-01-26","8884","","","",""
"2022-01-27","9054","","","",""
"2022-01-28","8921","36562.61","5280.12","28.63","683.59"
"2022-02-04","","29209.84","2696.45","14.51","669.08"
"2022-02-07","9281","","","",""
"2022-02-08","9080","","","",""
"2022-02-09","9008","","","",""
"2022-02-10","8979","","","",""
"2022-02-11","8958","21794.81","3669.67","13.43","655.65"
"2022-02-14","9133","","","",""
"2022-02-15","9204","","","",""
"2022-02-16","9288","","","",""
"2022-02-17","9274","","","",""
"2022-02-18","9506","24889.81","3403.71","18.47","637.18"
"2022-02-21","9375","","","",""
"2022-02-22","9408","","","",""
"2022-02-23","9375","","","",""
"2022-02-24","9441","","","",""
"2022-02-25","9333","24615.39","3666.85","24.76","612.42"
"2022-02-28","9503","","","",""
"2022-03-01","9699","","","",""
"2022-03-02","9783","","","",""
"2022-03-03","9898","","","",""
"2022-03-04","9878","25693.03","3675.21","23.44","588.98"
"2022-03-07","10229","","","",""
"2022-03-08","10630","","","",""
"2022-03-09","10122","","","",""
"2022-03-10","10019","","","",""
"2022-03-11","9754","24196.17","3165.11","20.93","568.05"
"2022-03-14","9494","","","",""
"2022-03-15","9058","","","",""
"2022-03-16","9232","","","",""
"2022-03-17","9271","","","",""
"2022-03-18","9238","23587.97","3642.51","19.81","548.24"
"2022-03-21","9298","","","",""
"2022-03-22","9512","","","",""
"2022-03-23","9796","","","",""
"2022-03-24","9830","","","",""
"2022-03-25","9996","24679.56","3369.84","22.94","525.3"
"2022-03-28","9869","","","",""
"2022-03-29","9900","","","",""
"2022-03-30","8214","","","",""
"2022-03-31","8288","","","",""
"2022-04-01","8666","23993.25","3504.63","33.68","491.62"
"2022-04-06","8884","","","",""
"2022-04-07","8667","","","",""
"2022-04-08","8931","24054.96","3345.48","38.29","453.32"
"2022-04-11","9115","","","",""
"2022-04-12","9097","","","",""
"2022-04-13","8812","","","",""
"2022-04-14","8808","","","",""
"2022-04-15","8800","24589.14","3735.74","44.38","408.94"
"2022-04-18","8724","","","",""
"2022-04-19","8765","","","",""
"2022-04-20","8738","","","",""
"2022-04-21","8713","","","",""
"2022-04-22","8507","26158.01","3738.35","44.76","364.19"
"2022-04-25","8642","","","",""
"2022-04-26","9110","","","",""
"2022-04-27","9273","","","",""
"2022-04-28","9359","","","",""
"2022-04-29","9398","26284.19","3776.93","38.46","325.73"
"2022-05-05","9400","","","",""
"2022-05-06","9415","25464.92","3452.4","32.77","292.96"
"2022-05-09","9213","","","",""
"2022-05-10","9217","","","",""
"2022-05-11","9433","","","",""
"2022-05-12","9418","","","",""
"2022-05-13","9344","24118.98","3436.46","38.16","254.81"
"2022-05-16","9248","","","",""
"2022-05-17","9318","","","",""
"2022-05-18","9103","","","",""
"2022-05-19","9232","","","",""
"2022-05-20","9380","23879.69","3377.95","30.71","224.1"
"2022-05-23","9104","","","",""
"2022-05-24","9184","","","",""
"2022-05-25","9163","","","",""
"2022-05-26","8945","","","",""
"2022-05-27","8943","23210.79","3233","25.96","198.14"
"2022-05-30","8746","","","",""
"2022-05-31","8853","","","",""
"2022-06-01","8806","","","",""
"2022-06-02","8857","","","",""
"2022-06-03","","22255.94","3107.98","25.68","172.56"
"2022-06-06","9096","","","",""
"2022-06-07","8944","","","",""
"2022-06-08","8802","","","",""
"2022-06-09","8800","","","",""
"2022-06-10","8780","21261.58","2943.22","18.89","153.67"
"2022-06-13","8877","","","",""
"2022-06-14","8762","","","",""
"2022-06-15","8903","","","",""
"2022-06-16","8806","","","",""
"2022-06-17","8797","20511.34","2912.82","16.42","137.25"
"2022-06-20","9075","","","",""
"2022-06-21","8989","","","",""
"2022-06-22","8955","","","",""
"2022-06-23","8816","","","",""
"2022-06-24","8714","20252.52","2867.08","13.77","123.48"
"2022-06-27","8941","","","",""
"2022-06-28","8873","","","",""
"2022-06-29","8919","","","",""
"2022-06-30","8786","","","",""
"2022-07-01","9045","20300.68","2944.12","14.15","109.33"
"2022-07-04","9239","","","",""
"2022-07-05","9222","","","",""
"2022-07-06","8911","","","",""
"2022-07-07","8819","","","",""
"2022-07-08","8830","20002.96","2742.16","12.45","96.88"
"2022-07-11","8569","","","",""
"2022-07-12","8493","","","",""
"2022-07-13","8526","","","",""
"2022-07-14","8441","","","",""
"2022-07-15","8433","17931.34","2320.9","10.99","85.89"
"2022-07-18","8875","","","",""
"2022-07-19","8802","","","",""
"2022-07-20","8902","","","",""
"2022-07-21","8812","","","",""
"2022-07-22","8907","18250.51","2988.97","14.87","71.02"
"2022-07-25","8922","","","",""
"2022-07-26","8703","","","",""
"2022-07-27","8708","","","",""
"2022-07-28","8728","","","",""
"2022-07-29","8886","18096.37","2046.83","11.47","59.56"
"2022-08-01","8687","","","",""
"2022-08-02","8631","","","",""
"2022-08-03","8640","","","",""
"2022-08-04","8772","","","",""
"2022-08-05","8606","16574.57","2795.75","10.14","49.42"
"2022-08-08","8513","","","",""
"2022-08-09","8603","","","",""
"2022-08-10","8632","","","",""
"2022-08-11","8655","","","",""
"2022-08-12","8578","17767.4","2194.8","9.3","40.13"
"2022-08-15","8991","","","",""
"2022-08-16","8998","","","",""
"2022-08-17","9086","","","",""
"2022-08-18","9047","","","",""
"2022-08-19","9165","16025.49","2415.43","10.33","29.79"
"2022-08-22","9071","","","",""
"2022-08-23","9151","","","",""
"2022-08-24","9113","","","",""
"2022-08-25","9180","","","",""
"2022-08-26","9255","17603.59","2647.29","8.16","21.63"
"2022-08-29","9180","","","",""
"2022-08-30","9091","","","",""
"2022-08-31","9156","","","",""
"2022-09-01","9158","","","",""
"2022-09-02","9222","18948.18","2786.34","9.29","12.34"
"2022-09-05","8721","","","",""
"2022-09-06","8642","","","",""
"2022-09-07","8677","","","",""
"2022-09-08","8693","","","",""
"2022-09-09","8679","20105.61","2986.75","6.02","6.32"
"2022-09-13","8769","","","",""
"2022-09-14","8645","","","",""
"2022-09-15","8717","","","",""
"2022-09-16","8412","20793.64","2948.88","2.37","3.95"
"2022-09-19","8450","","","",""
"2022-09-20","8479","","","",""
"2022-09-21","8410","","","",""
"2022-09-22","8440","","","",""
"2022-09-23","8228","20662.98","2955.82","2.23","1.72"
"2022-09-26","8240","","","",""
"2022-09-27","8205","","","",""
"2022-09-28","8255","","","",""
"2022-09-29","8262","","","",""
"2022-09-30","8332","20408.38","2861.7","1.72","0"
"2022-10-07","","19080.09","2544.43","0","0"
"2022-10-10","8054","","","",""
